Right_1905_Num_0,AAAGTGCCACCTGACGTCTA ,25nm,STD
Right_1153_Num_0,AAATTCCTGGAGCAATCGCC ,25nm,STD
Right_482_Num_0,AACCCGGTAAGACACGACTT ,25nm,STD
Right_235_Num_0,AACGTCTGAAAGCGGATTCG ,25nm,STD
Left_397_Num_0,AAGTCGTGTCTTACCGGGTT,25nm,STD
Right_397_Num_0,ACATGTGAGCAAAAGGCCAG ,25nm,STD
Right_7839_Num_0,ACGCTCAGTGGAACGAAAAC ,25nm,STD
Left_180_Num_0,AGATCGCTGAGATAGGTGCC,25nm,STD
Right_4452_Num_0,AGATCGGCTGAACTCCACAA ,25nm,STD
Right_325_Num_0,ATCCCCATTCTGCAATGTGC ,25nm,STD
Left_482_Num_0,ATCGCTGAGATAGGTGCCTC,25nm,STD
Left_2384_Num_0,ATCTGCGCCCATATCATCCA,25nm,STD
Right_5260_Num_1,ATGATCTCCATGGCTGCAGA ,25nm,STD
Right_744_Num_0,ATGCGGAACAGAATCATGCC ,25nm,STD
Right_1459_Num_0,ATGGGAAGAAGGCGAAGTCA ,25nm,STD
Left_100_Num_0,CAAGAACTCTGTAGCACCGC,25nm,STD
Left_5260_Num_1,CACGTTGAGCCGACTATTCG,25nm,STD
Left_1596_Num_0,CACTGGCCGTCGTTTTACAA,25nm,STD
Left_3820_Num_0,CAGTGCAGTCTCCTCATCCA,25nm,STD
Right_2107_Num_0,CATAGGACTCAGCGGTCAGT ,25nm,STD
Right_3358_Num_1,CATCCACACCGTTGACACAG ,25nm,STD
Right_1247_Num_0,CCACGAATCAGCGGTAAAGG ,25nm,STD
Right_2660_Num_0,CCATGCAGACATCACGAAGG ,25nm,STD
Right_629_Num_0,CCCCAGTGCTGCAATGATAC ,25nm,STD
Left_1068_Num_0,CCCGAAAACAGTTCTGGCAA,25nm,STD
Left_1905_Num_0,CCTCCGCTGATTTTCGAGTG,25nm,STD
Right_3820_Num_0,CCTGCAACTTTATCCGCCTC ,25nm,STD
Left_1153_Num_0,CTAGCCCCAGTACTCCAGTG,25nm,STD
Left_3358_Num_1,CTCCGCAATTACACGCAAGA,25nm,STD
Left_2660_Num_0,CTGGGAAACACTGCCCTTTC,25nm,STD
Left_291_Num_0,CTTCAGCAGAGCGCAGATAC,25nm,STD
Right_1353_Num_0,GAACTGGCTGTTGTTACCGG ,25nm,STD
Left_126_Num_0,GACTGGATGGAGGCGGATAA,25nm,STD
Right_439_Num_0,GAGAAAACAGGATGCCGGTC ,25nm,STD
Left_684_Num_0,GAGGCGGATAAAGTTGCAGG,25nm,STD
Left_439_Num_0,GAGGTACACCGACAAATGGC,25nm,STD
Left_982_Num_0,GATACCCGTCGTGGCTCTAA,25nm,STD
Left_235_Num_0,GATATCCCGGCACTGTCAGA,25nm,STD
Right_263_Num_1,GCACTCGCGGGGATTTATTT ,25nm,STD
Right_6389_Num_0,GCTCTTGATCCGGCAAACAA ,25nm,STD
Right_528_Num_0,GCTGAAGCCAGTTACCTTCG ,25nm,STD
Right_2384_Num_0,GCTGTTGCTGGTTCCATTCA ,25nm,STD
Left_2107_Num_0,GGCATGATTCTGTTCCGCAT,25nm,STD
Right_361_Num_0,GGCCAGGAACCGTAAAAAGG ,25nm,STD
Right_577_Num_0,GGCCTAACTACGGCTACACT ,25nm,STD
Right_153_Num_0,GGCGCTTTCTCATAGCTCAC ,25nm,STD
Left_2937_Num_0,GGGAAACACTGCCCTTTCAG,25nm,STD
Left_6389_Num_0,GGGCAAGTATCGTTTCCACC,25nm,STD
Left_1247_Num_0,GGGCCATTGTTTCTCTGTGG,25nm,STD
Left_4452_Num_0,GGTGAAAGACCTGGGCAAAG,25nm,STD
Left_207_Num_0,GGTTAACGGCGCAGTTACAT,25nm,STD
Left_629_Num_0,GTGCACGAGTGGGTTACATC,25nm,STD
Right_1068_Num_0,GTGGATGAGGAGACTGCACT ,25nm,STD
Right_291_Num_0,GTGGCGCTTTCTCATAGCTC ,25nm,STD
Left_361_Num_0,TACCGGGTTGGACTCAAGAC,25nm,STD
Left_809_Num_1,TATGCTTCCGGCTCGTATGT,25nm,STD
Right_982_Num_0,TCACCATGTTGGCTCAGACT ,25nm,STD
Left_1459_Num_0,TCCGGACAGTACGTGGAAAA,25nm,STD
Right_1750_Num_0,TCTTGCGTGTAATTGCGGAG ,25nm,STD
Right_684_Num_0,TGAGTCCAACCCGGTAAGAC ,25nm,STD
Right_2937_Num_0,TGCTATCTCCTTTTCCGCCA ,25nm,STD
Left_7839_Num_0,TGGCAGAGCTGAAAGAGGAG,25nm,STD
Right_809_Num_1,TGTCCGGAATACACGACGAT ,25nm,STD
Right_896_Num_0,TTCTTCTTTCGTCCCCGTCA ,25nm,STD
Left_325_Num_0,TTGGTTACGTCTGCATGTGC,25nm,STD
