Left_7839_Num_0	TCTGCCCGTTACCCGAAAAA	Right_7839_Num_0	CAATGATACCGCGAGACCCA
Left_7839_Num_1	GAGAAGCTGGATACCCGTCG	Right_7839_Num_1	GGCGAGTTACATGATCCCCC
Left_7839_Num_2	CTCTGCCCGTTACCCGAAAA	Right_7839_Num_2	AATGATACCGCGAGACCCAC
Left_7839_Num_3	TGGCCTTCAGCTATTGCCTC	Right_7839_Num_3	CTCAAGTCAGAGGTGGCGAA
Left_7839_Num_4	AAGCCGTCAAGGAGAAGCTG	Right_7839_Num_4	TGATCCCCCATGTTGTGCAA
Left_6389_Num_0	GAAACACTGCCCTTTCAGCG	Right_6389_Num_0	CCCCGCCAGATGATAAGCAT
Left_6389_Num_1	TGTGTGGAATTGTGAGCGGA	Right_6389_Num_1	GAAGGCGATGCGTGGAAATC
Left_6389_Num_2	CACTCATTAGGCACCCCAGG	Right_6389_Num_2	CGGGAATGATGTTGGGGTCA
Left_6389_Num_3	ACACCCTTATCTGGTTGCCG	Right_6389_Num_3	AACCAAAACAGCACAGCAGC
Left_6389_Num_4	TCAAGGCTTCTTGGACGTCG	Right_6389_Num_4	CAGTGCTGCAATGATACCGC
Left_5260_Num_0	CTGATACCGGGGTTGCTGAG	Right_5260_Num_0	CGTCATAGGACTCAGCGGTC
Left_5260_Num_1	AGACAGCGGTGAAAGACCTG	Right_5260_Num_1	TGTCATACCAGCACCGGATG
Left_5260_Num_2	TACTTACGATGCCCAGCAGC	Right_5260_Num_2	CAGCTCACTCAAAGGCGGTA
Left_5260_Num_3	GTGGCAGAGCTGAAAGAGGA	Right_5260_Num_3	AAGCGGTCGCCATAGTCAAA
Left_5260_Num_4	CTGAACCGTGATGTCAGCCT	Right_5260_Num_4	GAACTGAAGAAGGCGATGCG
Left_4452_Num_0	ATCGTCTTTGGTGGTTCCCC	Right_4452_Num_0	CTCGTGCACCCAACTGATCT
Left_4452_Num_1	CCGGTGATGAGCGATATCCC	Right_4452_Num_1	CGCTTACCGGATACCTGTCC
Left_4452_Num_2	GATGTGGCCATCGTCGTGTA	Right_4452_Num_2	GGTACAGGCATAGCGTCCTC
Left_4452_Num_3	GTTCCCCTCATCAGTGGCTC	Right_4452_Num_3	TCGATGTAACCCACTCGTGC
Left_4452_Num_4	GTGGTTCCCCTCATCAGTGG	Right_4452_Num_4	ATGTAACCCACTCGTGCACC
Left_3820_Num_0	CGGAGGTGGGAATATCCTGC	Right_3820_Num_0	TGTGGGATGGTTTACAGGGC
Left_3820_Num_1	CTCGCACATTGCAGAATGGG	Right_3820_Num_1	TAACAGTCCGTCACACCGTG
Left_3820_Num_2	AGTGGTCGTAGCAGTCGTTG	Right_3820_Num_2	GAAATCGCAGGTCTTGGTGC
Left_3820_Num_3	TCCGGTGCTGGTATGACAAG	Right_3820_Num_3	CAGCTCACTCAAAGGCGGTA
Left_3820_Num_4	CACTAACAGCACTGCACGTG	Right_3820_Num_4	AGCAAAAGGCCAGCAAAAGG
Left_3358_Num_0	TTCATGCTGCACCAAGACCT	Right_3358_Num_0	GTGAGCAAAAGGCCAGCAAA
Left_3358_Num_1	CTCTGATTTTGCTGCGCGAG	Right_3358_Num_1	GGGATATCGCTCATCACCGG
Left_3358_Num_2	CCCGGCACTGTCAGATTTGA	Right_3358_Num_2	AGTTGGCCGCAGTGTTATCA
Left_3358_Num_3	CCAGGAATGTAGTGGCGGAA	Right_3358_Num_3	GCAAATCACTCTGCACCTGC
Left_3358_Num_4	TCCCGGCACTGTCAGATTTG	Right_3358_Num_4	GTTGGCCGCAGTGTTATCAC
Left_2937_Num_0	ATCGTCTTTGGTGGTTCCCC	Right_2937_Num_0	TAACAGTCCGTCACACCGTG
Left_2937_Num_1	ATGCTTATCATCTGGCGGGG	Right_2937_Num_1	GCGAAACCCGACAGGACTAT
Left_2937_Num_2	AGAACTTCCTGCCGGACAAC	Right_2937_Num_2	AGAGCGCGTTCAGATAGAGC
Left_2937_Num_3	ATCGATCGCAACATCACCCA	Right_2937_Num_3	ACTACGATACGGGAGGGCTT
Left_2937_Num_4	TAACAGCACTGCACGTGTGT	Right_2937_Num_4	TGACTCCCCGTCGTGTAGAT
Left_2660_Num_0	GCTCTATCTGAACGCGCTCT	Right_2660_Num_0	GAAGGCGATGCGTGGAAATC
Left_2660_Num_1	CAGTGGTCGTAGCAGTCGTT	Right_2660_Num_1	TTGGTACAGGCATAGCGTCC
Left_2660_Num_2	GTCAGATCGGATGTGGTCGG	Right_2660_Num_2	AAGCGGTCGCCATAGTCAAA
Left_2660_Num_3	GCCCTGTAAACCATCCCACA	Right_2660_Num_3	TACGGGAGGGCTTACCATCT
Left_2660_Num_4	CACGGTGTGACGGACTGTTA	Right_2660_Num_4	GCAGAGCGAGGTATGTAGGC
Left_2384_Num_0	ACGAGAGAGGTACACCGACA	Right_2384_Num_0	CAGAGCGAGGTATGTAGGCG
Left_2384_Num_1	AGAAACTGCAAGAACCGGGT	Right_2384_Num_1	AGTTGGCCGCAGTGTTATCA
Left_2384_Num_2	TAACAGGCTGCGGCATTTTG	Right_2384_Num_2	AGCACATGCAGACGTAACCA
Left_2384_Num_3	TATCTGAACGCGCTCTCCAC	Right_2384_Num_3	TCTTGGCTGTTCGGTAGAGC
Left_2384_Num_4	AGTGGCTCTATCTGAACGCG	Right_2384_Num_4	GTTCGGTAGAGCTGTAGCCG
Left_2107_Num_0	TTTGACTATGGCGACCGCTT	Right_2107_Num_0	TTCATTCAGCTCCGGTTCCC
Left_2107_Num_1	AGTTAAAGACCTGACGCCCG	Right_2107_Num_1	TTCCTGCAGCGTTATCCGTT
Left_2107_Num_2	CGTCGTGGCTCTAATTCCGA	Right_2107_Num_2	TCACGAGTACGGTGGAAACG
Left_2107_Num_3	GAACCGGGTCGTACAGAGTG	Right_2107_Num_3	TCGATGTAACCCACTCGTGC
Left_2107_Num_4	ACCCTTATCTGGTTGCCGAC	Right_2107_Num_4	AGCACATGCAGACGTAACCA
Left_1905_Num_0	ACACCGGATCTGCACAACAT	Right_1905_Num_0	CTGGGGCTAGGCAAACAAGA
Left_1905_Num_1	TGTGCTGACCGGACATGAAA	Right_1905_Num_1	TAGAGATGGTCTTGGGGCGA
Left_1905_Num_2	CGTCGTGTATTCCGGACAGT	Right_1905_Num_2	GCTACGGCGGGTTTTGTTTT
Left_1905_Num_3	GGATGGTGATGCCGAGAACT	Right_1905_Num_3	GCAGGATATTCCCACCTCCG
Left_1905_Num_4	TTCCCCTCATCAGTGGCTCT	Right_1905_Num_4	TGCGGGTGATCACTTCCTTC
Left_1750_Num_0	GACCGCTGAGTCCTATGACG	Right_1750_Num_0	GTACCTGATACCAGCCGTCG
Left_1750_Num_1	CCAGCGGTAACCACCAATCT	Right_1750_Num_1	CCCCGCCAGATGATAAGCAT
Left_1750_Num_2	CCTGTGTGACCCCAACATCA	Right_1750_Num_2	GGAATAAGGGCGACACGGAA
Left_1750_Num_3	ATCGTCTTTGGTGGTTCCCC	Right_1750_Num_3	CGTGAAGCTGGTATCTCCGG
Left_1750_Num_4	AGACAAGCTGTGACCGTCTC	Right_1750_Num_4	CGCTTACCGGATACCTGTCC
Left_1596_Num_0	CACGGTGTGACGGACTGTTA	Right_1596_Num_0	TCTTCGGGGCGAAAACTCTC
Left_1596_Num_1	ACAACGTCGTGACTGGGAAA	Right_1596_Num_1	TTTTCTACGGGGTCTGACGC
Left_1596_Num_2	CTGCTCTGATGCCGCATAGT	Right_1596_Num_2	GGCGGTGCTACAGAGTTCTT
Left_1596_Num_3	ATGATTCAGTCAGCACCGCT	Right_1596_Num_3	CAACGACTGCTACGACCACT
Left_1596_Num_4	CATGATTCAGTCAGCACCGC	Right_1596_Num_4	AACGACTGCTACGACCACTG
Left_1459_Num_0	TCCTGTTTTCTCTCGGTGCC	Right_1459_Num_0	CTTACCATCTGGCCCCAGTG
Left_1459_Num_1	TTCTCGCTGTCAGAGGCTTG	Right_1459_Num_1	TTCAGACATTAGCCTGCGGG
Left_1459_Num_2	AGTCTCCGCAATTACACGCA	Right_1459_Num_2	AGAACAGCCTCGCAGATGAC
Left_1459_Num_3	CCAGTGCAGTCTCCTCATCC	Right_1459_Num_3	TGGTTGATGAAGCGGCTGAT
Left_1459_Num_4	GGGCCATCATGAATGCGATG	Right_1459_Num_4	ACAACAAACCATGTCGCTGC
Left_1353_Num_0	AGTGGCTCTATCTGAACGCG	Right_1353_Num_0	CCGGGATATCGCTCATCACC
Left_1353_Num_1	TCACTGGCCGTCGTTTTACA	Right_1353_Num_1	CTTACCATCTGGCCCCAGTG
Left_1353_Num_2	AGTCACCAATGTGGGACGTC	Right_1353_Num_2	ATCCCCGTAAAGGCAGATGC
Left_1353_Num_3	ACACTGCGGCCAACTTACTT	Right_1353_Num_3	CAGCTCACTCAAAGGCGGTA
Left_1353_Num_4	ACAACGTCGTGACTGGGAAA	Right_1353_Num_4	ACTACGATACGGGAGGGCTT
Left_1247_Num_0	AGGAGAAGCTGGATACCCGT	Right_1247_Num_0	GTCTGCCTGATGCTCCACTT
Left_1247_Num_1	CTCTGATTTTGCTGCGCGAG	Right_1247_Num_1	ATGTTGTGCAGATCCGGTGT
Left_1247_Num_2	ACCAATGGTGTCGCCTTCAA	Right_1247_Num_2	GGGATATCGCTCATCACCGG
Left_1247_Num_3	TCTTGTTTGCCTAGCCCCAG	Right_1247_Num_3	ACTCTGTACGACCCGGTTCT
Left_1247_Num_4	GTGATAACACTGCGGCCAAC	Right_1247_Num_4	GCTGGCGTTTTTCCATAGGC
Left_1153_Num_0	ATGTGAGGACGCTATGCCTG	Right_1153_Num_0	GACGGGAATGATGTTGGGGT
Left_1153_Num_1	CATCCGGTGCTGGTATGACA	Right_1153_Num_1	GTACCTGATACCAGCCGTCG
Left_1153_Num_2	GGCTATGAGAACGTGCCCAT	Right_1153_Num_2	TGTCGGTGTACCTCTCTCGT
Left_1153_Num_3	GGGGAGCTGATCTCTGATGC	Right_1153_Num_3	AACAGGATGCCGGTCATACC
Left_1153_Num_4	AGACGTCAGGTGGCACTTTT	Right_1153_Num_4	TTTTCTACGGGGTCTGACGC
Left_1068_Num_0	GGATAATCTGGAGGCGACGG	Right_1068_Num_0	ACCTCTGACACATGCAGCTC
Left_1068_Num_1	CACGGTGTGACGGACTGTTA	Right_1068_Num_1	AACTATGCGGCATCAGAGCA
Left_1068_Num_2	AGATCAGTTGGGTGCACGAG	Right_1068_Num_2	TTTGGTATCTGCGCTCTGCT
Left_1068_Num_3	TGAGAGTTTTCGCCCCGAAG	Right_1068_Num_3	GGCGGTGCTACAGAGTTCTT
Left_1068_Num_4	TCAGCAGTATCGGTAAGGCG	Right_1068_Num_4	TGTAACAGTCCGTCACACCG
Left_982_Num_0	GACGGCTGGTATCAGGTACG	Right_982_Num_0	GGAATAAGGGCGACACGGAA
Left_982_Num_1	GACCGCTGAGTCCTATGACG	Right_982_Num_1	GATGTTGGGGTCACACAGGT
Left_982_Num_2	CAGAAGATCGCAGCACGGTA	Right_982_Num_2	TAACAGTCCGTCACACCGTG
Left_982_Num_3	TAAATCTGGAGCCGGTGAGC	Right_982_Num_3	AGCAAAAGGCCAGCAAAAGG
Left_982_Num_4	TCGTGACTGGGAAAACCCTG	Right_982_Num_4	AAGTAAGTTGGCCGCAGTGT
Left_896_Num_0	GGCTATGAGAACGTGCCCAT	Right_896_Num_0	GCATCCCGGAACAGTGTGTA
Left_896_Num_1	GGTATGACCGGCATCCTGTT	Right_896_Num_1	GGGGCGAAAACTCTCAAGGA
Left_896_Num_2	CCTGATGAGTTCGTGTCCGT	Right_896_Num_2	TCTGCCTGATGCTCCACTTG
Left_896_Num_3	CCTAGCCCCAGTACTCCAGT	Right_896_Num_3	CTCCATGGCTGCAGAGATCC
Left_896_Num_4	CCATTCCCTGTGTCAACGGT	Right_896_Num_4	CCCCGCCAGATGATAAGCAT
Left_809_Num_0	CCGGTGATGAGCGATATCCC	Right_809_Num_0	TGTTCATGGTGGACGTCTCG
Left_809_Num_1	GGCTGGCTGGTTTATTGCTG	Right_809_Num_1	CGCTTACCGGATACCTGTCC
Left_809_Num_2	CTTATCTGGTTGCCGACGGA	Right_809_Num_2	TCCTGACCGGCAGTTTCATC
Left_809_Num_3	GGCCTTCAGCTATTGCCTCT	Right_809_Num_3	AACGACTGCTACGACCACTG
Left_809_Num_4	CCAGTGCAGTCTCCTCATCC	Right_809_Num_4	ATCTTCTGCCATCGACGGAC
Left_744_Num_0	GAGCTGCATGTGTCAGAGGT	Right_744_Num_0	TCCGGTTCCCAACGATCAAG
Left_744_Num_1	CACTGGGGCCAGATGGTAAG	Right_744_Num_1	CGCTTACCGGATACCTGTCC
Left_744_Num_2	ACACCGGATCTGCACAACAT	Right_744_Num_2	GCATTTCATCGGCCGAACAA
Left_744_Num_3	AGTTAAAGACCTGACGCCCG	Right_744_Num_3	ACCCGGTTCTTGCAGTTTCT
Left_744_Num_4	AACTCGTTGCCCGGTAACAA	Right_744_Num_4	TCCCACCTCCGGTTAAGGAT
Left_684_Num_0	TGGGTCTCGCGGTATCATTG	Right_684_Num_0	GTGTAGGTCGTTCGCTCCAA
Left_684_Num_1	TGAACTGATTGCCCGTCTCC	Right_684_Num_1	GAGGCAATAGCTGAAGGCCA
Left_684_Num_2	CAGAAGATCGCAGCACGGTA	Right_684_Num_2	CGGGAATGATGTTGGGGTCA
Left_684_Num_3	TGTGGCAGAGCTGAAAGAGG	Right_684_Num_3	ATTGCGGCAATGCTCAATGG
Left_684_Num_4	TCCTTGAGAGTTTTCGCCCC	Right_684_Num_4	GTGAGGCACCTATCTCAGCG
Left_629_Num_0	CTGCGCCCATATCATCCAGT	Right_629_Num_0	TAGAGATGGTCTTGGGGCGA
Left_629_Num_1	GAGAGTTTTCGCCCCGAAGA	Right_629_Num_1	TGACTCCCCGTCGTGTAGAT
Left_629_Num_2	AGATCAGTTGGGTGCACGAG	Right_629_Num_2	CAATGATACCGCGAGACCCA
Left_629_Num_3	AACACTGCGGCCAACTTACT	Right_629_Num_3	TTTTCTACGGGGTCTGACGC
Left_629_Num_4	TGAACTGATACCGGGGTTGC	Right_629_Num_4	GCTTTGCCCAGGTCTTTCAC
Left_577_Num_0	AACTGATACCGGGGTTGCTG	Right_577_Num_0	ACGGGTATCCAGCTTCTCCT
Left_577_Num_1	GCAGGTGCAGAGTGATTTGC	Right_577_Num_1	GTACCTGATACCAGCCGTCG
Left_577_Num_2	CTGATACCGGGGTTGCTGAG	Right_577_Num_2	CGACGGGTATCCAGCTTCTC
Left_577_Num_3	GGCTGGCTGGTTTATTGCTG	Right_577_Num_3	CAGAGCGAGGTATGTAGGCG
Left_577_Num_4	ACTAACAGCACTGCACGTGT	Right_577_Num_4	TTGATGTCCCAGAAGCGGTC
Left_528_Num_0	AGTCACCAATGTGGGACGTC	Right_528_Num_0	TGTGGGATGGTTTACAGGGC
Left_528_Num_1	GACCCCAACATCATTCCCGT	Right_528_Num_1	GCAGTAAATTGCGGCGTGAT
Left_528_Num_2	CGTGTCGCCCTTATTCCCTT	Right_528_Num_2	TACAGGCATCGTGGTGTCAC
Left_528_Num_3	ACCCGTCGTGGCTCTAATTC	Right_528_Num_3	CCTCTTTCAGCTCTGCCACA
Left_528_Num_4	TAAGCAGCGCAACACCCTTA	Right_528_Num_4	AGTTTTTCGGGTAACGGGCA
Left_482_Num_0	CGGTGTGACGGACTGTTACA	Right_482_Num_0	CGTACCTGATACCAGCCGTC
Left_482_Num_1	ACGGTGTGACGGACTGTTAC	Right_482_Num_1	GTACCTGATACCAGCCGTCG
Left_482_Num_2	TTCCGTGTCGCCCTTATTCC	Right_482_Num_2	TCCGGTTCCCAACGATCAAG
Left_482_Num_3	TGAACTGATACCGGGGTTGC	Right_482_Num_3	AGCGCGTAGGCTTCGATATC
Left_482_Num_4	CATTAGGCACCCCAGGCTTT	Right_482_Num_4	TAAGGGTGTTGCGCTGCTTA
Left_439_Num_0	AACTGATACCGGGGTTGCTG	Right_439_Num_0	GCTTTTTGCCATACCACGGG
Left_439_Num_1	AGACAGCGGTGAAAGACCTG	Right_439_Num_1	ACGGTTCAGTTGTTCACCCA
Left_439_Num_2	GGATCTCTGCAGCCATGGAG	Right_439_Num_2	TGTGGGATGGTTTACAGGGC
Left_439_Num_3	TGGAGACAGCGGTGAAAGAC	Right_439_Num_3	GTTCAGTTGTTCACCCAGCG
Left_439_Num_4	GGCCAGAATGCAATAACGGG	Right_439_Num_4	TCTGCCTGATGCTCCACTTG
Left_397_Num_0	GGGTCGTACAGAGTGGCATC	Right_397_Num_0	TTGATGTCCCAGAAGCGGTC
Left_397_Num_1	GATGTGGCCATCGTCGTGTA	Right_397_Num_1	AGGCTGACATCACGGTTCAG
Left_397_Num_2	TGACCCCAACATCATTCCCG	Right_397_Num_2	GTTACGCCACCAGTCATCCT
Left_397_Num_3	TGTGGCCATCGTCGTGTATT	Right_397_Num_3	TCAGGCTGACATCACGGTTC
Left_397_Num_4	TGAACTGATTGCCCGTCTCC	Right_397_Num_4	CGCCTCCCGTTATTGCATTC
Left_361_Num_0	AAGCCCTCCCGTATCGTAGT	Right_361_Num_0	GATCCGGCAAACAAACCACC
Left_361_Num_1	TGATGACAATGTCGCCCCAA	Right_361_Num_1	TTCAGACATTAGCCTGCGGG
Left_361_Num_2	ACGGTGTGACGGACTGTTAC	Right_361_Num_2	ATCCCCGTAAAGGCAGATGC
Left_361_Num_3	ACTCCAGTGCAGTCTCCTCA	Right_361_Num_3	GGTACAGGCATAGCGTCCTC
Left_361_Num_4	AACTGATACCGGGGTTGCTG	Right_361_Num_4	AGTTCTCGGCATCACCATCC
Left_325_Num_0	TTTGACTATGGCGACCGCTT	Right_325_Num_0	CCGTCGCCTCCAGATTATCC
Left_325_Num_1	CCTGTGTGACCCCAACATCA	Right_325_Num_1	GTAACAGTCCGTCACACCGT
Left_325_Num_2	ACCTGTGTGACCCCAACATC	Right_325_Num_2	TAACAGTCCGTCACACCGTG
Left_325_Num_3	GCAGGTGCAGAGTGATTTGC	Right_325_Num_3	GCAGTAAATTGCGGCGTGAT
Left_325_Num_4	GACCGCTGAGTCCTATGACG	Right_325_Num_4	TACCGTGCTGCGATCTTCTG
Left_291_Num_0	CCAGCGGTAACCACCAATCT	Right_291_Num_0	GGTACAGGCATAGCGTCCTC
Left_291_Num_1	TTCATGCTGCACCAAGACCT	Right_291_Num_1	GTAACAGTCCGTCACACCGT
Left_291_Num_2	ATCGCCTTCTTCAGTTCCCG	Right_291_Num_2	CCCCGCCAGATGATAAGCAT
Left_291_Num_3	GTGGACGACTGCTCTAGCTC	Right_291_Num_3	AGAGATCAGCTCCCCGACAT
Left_291_Num_4	GCCGGATCAAGAGCTACCAA	Right_291_Num_4	GTGTAGGTCGTTCGCTCCAA
Left_263_Num_0	GACAAGACACCGGATCTGCA	Right_263_Num_0	CGCCACTACATTCCTGGTGT
Left_263_Num_1	GACCGCTGAGTCCTATGACG	Right_263_Num_1	TGATCACTTCCTTCGCCGTC
Left_263_Num_2	AAGCCCTCCCGTATCGTAGT	Right_263_Num_2	TTTTCTACGGGGTCTGACGC
Left_263_Num_3	GAGAGTTTTCGCCCCGAAGA	Right_263_Num_3	GGTCCTCCGATCGTTGTCAG
Left_263_Num_4	CTCTGATTTTGCTGCGCGAG	Right_263_Num_4	TGGCCAGCAGAGGAATCAAG
Left_235_Num_0	AGTCTCCGCAATTACACGCA	Right_235_Num_0	GCTACGGCGGGTTTTGTTTT
Left_235_Num_1	CAGTGGTCGTAGCAGTCGTT	Right_235_Num_1	TCACGAGTACGGTGGAAACG
Left_235_Num_2	AGACAGCGGTGAAAGACCTG	Right_235_Num_2	TTTTTCGGGTAACGGGCAGA
Left_235_Num_3	TCTGCCCGTTACCCGAAAAA	Right_235_Num_3	AGGCTGACATCACGGTTCAG
Left_235_Num_4	ACAACGTCGTGACTGGGAAA	Right_235_Num_4	CTATGCGGCATCAGAGCAGA
Left_207_Num_0	GCCCTGTAAACCATCCCACA	Right_207_Num_0	GACGGGAATGATGTTGGGGT
Left_207_Num_1	AAGATCGCAGCACGGTAACA	Right_207_Num_1	TGTTCATGGTGGACGTCTCG
Left_207_Num_2	CCCACGTTGAGCCGACTATT	Right_207_Num_2	ACGGGTATCCAGCTTCTCCT
Left_207_Num_3	GTGACACCACGATGCCTGTA	Right_207_Num_3	CAATGATACCGCGAGACCCA
Left_207_Num_4	AACTGATACCGGGGTTGCTG	Right_207_Num_4	ATTCATGATGGCCCGCTGAA
Left_180_Num_0	GAGGACGCTATGCCTGTACC	Right_180_Num_0	GTCGTCATAGGACTCAGCGG
Left_180_Num_1	GTGTCCGTACAACTGGCGTA	Right_180_Num_1	CCTCTTTCAGCTCTGCCACA
Left_180_Num_2	GAAGGAAGTGATCACCCGCA	Right_180_Num_2	ATGGGCACGTTCTCATAGCC
Left_180_Num_3	GTGGACGACTGCTCTAGCTC	Right_180_Num_3	GATGCCACTCTGTACGACCC
Left_180_Num_4	GGGATTGAGATGCCGGACTT	Right_180_Num_4	GCAGTAAATTGCGGCGTGAT
Left_153_Num_0	GGGGAGCTGATCTCTGATGC	Right_153_Num_0	GATGTTGGGGTCACACAGGT
Left_153_Num_1	TATCTGGTTGCCGACGGATG	Right_153_Num_1	GCGCGTAGGCTTCGATATCT
Left_153_Num_2	AGTCACCAATGTGGGACGTC	Right_153_Num_2	ATGGGCACGTTCTCATAGCC
Left_153_Num_3	GTGCGTTCCACTCCTGAAGT	Right_153_Num_3	ACTGGATGATATGGGCGCAG
Left_153_Num_4	GGGCCATCATGAATGCGATG	Right_153_Num_4	CATCCGTCGGCAACCAGATA
Left_126_Num_0	GAACCGTGATGTCAGCCTGA	Right_126_Num_0	ACATTTTCCCGGCTGAGAGG
Left_126_Num_1	TCCTGTTTTCTCTCGGTGCC	Right_126_Num_1	TGTAAAACGACGGCCAGTGA
Left_126_Num_2	AAGAACTCTGTAGCACCGCC	Right_126_Num_2	CTGCGCCTTATCCGGTAACT
Left_126_Num_3	TGTGTGGAATTGTGAGCGGA	Right_126_Num_3	GCAACCCCGGTATCAGTTCA
Left_126_Num_4	ACACCCTTATCTGGTTGCCG	Right_126_Num_4	CCCGGTGCTTTTTGCCATAC
Left_100_Num_0	GGACAGGTATCCGGTAAGCG	Right_100_Num_0	GCGAAACCCGACAGGACTAT
Left_100_Num_1	GACCGCTGAGTCCTATGACG	Right_100_Num_1	CGTGAAGCTGGTATCTCCGG
Left_100_Num_2	CGTCGTGGCTCTAATTCCGA	Right_100_Num_2	AATACACGACGATGGCCACA
Left_100_Num_3	TTGCACAACATGGGGGATCA	Right_100_Num_3	CTACAGGCATCGTGGTGTCA
Left_100_Num_4	GCTTATCATCTGGCGGGGAT	Right_100_Num_4	CCGTCGCCTCCAGATTATCC
